,Population,District,LATITUDE,LONGITUDE,Ground water level (mbgl)
0,973645.2000000001,Kupwara,21.64057715,80.84724989,6.314597628
1,121672.8,Badgam,21.64057715,80.84724989,6.314597628
2,169129.80000000002,Ladakh,21.64057715,80.84724989,6.314597628
3,155629.80000000002,Kargil,21.64057715,80.84724989,6.314597628
4,238980.6,Punch,18.6333,74.0611,5.35
5,121991.40000000001,Rajouri,33.2867,74.2834,3.36
6,271587.60000000003,Kathua,32.5565,75.6038,0.95
7,395843.4,Baramula,21.64057715,80.84724989,6.314597628
8,68385.6,Bandipore,21.64057715,80.84724989,6.314597628
9,2189444.4,Srinagar,21.64057715,80.84724989,6.314597628
10,163249.2,Ganderbal,26.21,83.92,3.35
11,146815.2,Pulwama,21.64057715,80.84724989,6.314597628
12,479187.0,Shupiyan,21.64057715,80.84724989,6.314597628
13,215791.2,Anantnag,21.64057715,80.84724989,6.314597628
14,514391.4,Kulgam,21.64057715,80.84724989,6.314597628
15,364888.8,Doda,30.3889,74.6333,1.84
16,225081.0,Ramban,21.64057715,80.84724989,6.314597628
17,233080.2,Kishtwar,21.64057715,80.84724989,6.314597628
18,496006.2,Udhampur,32.946,75.0348,2.6
19,266117.4,Reasi,33.165,74.553,2.09
20,450802.8,Jammu,32.8558,74.7467,14.41
21,574016.4,Samba,32.4919,75.0619,7.02
22,33962.4,Chamba,21.64057715,80.84724989,6.314597628
23,317745.0,Kangra,32.2692,75.8697,9.15
24,16000.2,Lahul & Spiti,22.9083,82.95,3.9
25,92989.8,Kullu,21.64057715,80.84724989,6.314597628
26,88842.6,Mandi,31.8292,77.1683,4.7
27,82812.6,Hamirpur,31.5225,76.5392,2.37
28,32124.600000000002,Una,31.6722,76.0458,29.58
29,161128.80000000002,Bilaspur,21.8953,82.0322,4.6
30,102434.40000000001,Solan,30.9056,76.84,19.44
31,88198.2,Sirmaur,23.9864,76.8161,7.2
32,139575.6,Shimla,25.0528,86.8611,2.38
33,8386.2,Kinnaur,21.64057715,80.84724989,6.314597628
34,97534.8,Gurdaspur,32.4036,75.8181,2.76
35,187837.2,Kapurthala ,21.64057715,80.84724989,6.314597628
36,299757.60000000003,Jalandhar,31.4292,75.6639,6.75
37,648909.0,Hoshiarpur,31.75,75.7417,15.37
38,762382.8,Shahid Bhagat Singh Nagar ,21.64057715,80.84724989,6.314597628
39,173093.4,Fatehgarh Sahib,30.7422,76.5181,34.97
40,402093.0,Ludhiana,30.7019,76.2186,24.91
41,307096.2,Moga,30.6178,75.0772,28.33
42,465188.4,Firozpur,30.8572,74.5781,5.97
43,626697.0,Muktsar,30.33,74.7142,10.89
44,821840.4,Faridkot,30.7394,74.8622,19.56
45,570004.2000000001,Bathinda,30.3389,74.7897,13.37
46,313621.2,Mansa,29.9283,75.5617,19.73
47,313146.0,Patiala,21.64057715,80.84724989,6.314597628
48,796879.8,Amritsar ,21.64057715,80.84724989,6.314597628
49,888525.0,Tarn Taran,21.64057715,80.84724989,6.314597628
50,350001.0,Rupnagar,31.3306,76.4,4.27
51,593573.4,Sahibzada Ajit Singh Nagar,21.64057715,80.84724989,6.314597628
52,773557.2000000001,Sangrur,30.3733,75.8556,42.26
53,699658.2000000001,Barnala,30.5228,75.5592,40.39
54,1899810.0,Chandigarh,30.7125,76.7853,22.02
55,60825.6,Uttarkashi,21.64057715,80.84724989,6.314597628
56,86763.6,Chamoli,21.64057715,80.84724989,6.314597628
57,156643.2,Rudraprayag,21.64057715,80.84724989,6.314597628
58,217395.0,Tehri Garhwal,21.64057715,80.84724989,6.314597628
59,89292.6,Dehradun,30.3006,77.9533,17.58
60,96640.2,Garhwal,22.9988,91.5536,1.8
61,83741.40000000001,Pithoragarh,21.64057715,80.84724989,6.314597628
62,116809.2,Bageshwar,21.64057715,80.84724989,6.314597628
63,126876.6,"Almora
",21.64057715,80.84724989,6.314597628
64,98143.2,Champawat,21.64057715,80.84724989,6.314597628
65,56802.6,Nainital,29.3114,79.21,55.39
66,509644.8,Udham Singh Nagar,19.2408,83.1119,4.1
67,1793419.2,Hardwar,21.64057715,80.84724989,6.314597628
68,302531.4,Panchkula,30.6417,77.0083,16.85
69,411744.60000000003,Ambala,30.3831,77.1592,21.82
70,1536359.4000000001,Yamunanagar,30.1958,77.1458,5.93
71,234316.80000000002,Kurukshetra,25.208,77.358,4.6
72,351451.8,Kaithal,29.9142,76.2606,46.3
73,372781.8,Karnal,29.8722,76.8444,35.68
74,1424941.2,Panipat,29.3819,77.0911,15.52
75,669661.2000000001,Sonipat,29.0333,76.7917,2.75
76,871777.8,Jind,29.8125,76.15,52.11
77,323190.0,Fatehabad,29.6875,75.5778,57.1
78,485872.2,Sirsa,29.9542,74.7375,10.55
79,264513.60000000003,Hisar,29.2167,75.525,16.9
80,228663.0,Bhiwani,28.9375,76.1681,0.79
81,365490.0,Rohtak,29.0431,76.4764,2.16
82,280423.8,Jhajjar,28.6722,76.4306,1.75
83,727885.8,Mahendragarh,25.261,74.368,8.6
84,229338.0,Rewari,28.2417,76.5083,12.07
85,216021.6,Gurgaon,28.2708,76.7556,37.4
86,300200.4,Mewat ,21.64057715,80.84724989,6.314597628
87,2870710.2,Faridabad,28.3458,77.3208,30.3
88,911255.4,Palwal ,28.1944,77.3778,9.33
89,1457843.4000000001,North West,21.64057715,80.84724989,6.314597628
90,1239508.8,North,21.64057715,80.84724989,6.314597628
91,2481802.2,North East,28.6972,77.2872,23.69
92,711615.6,East,28.6106,77.3217,26.14
93,50810.4,New Delhi,21.64057715,80.84724989,6.314597628
94,487994.4,Central,21.64057715,80.84724989,6.314597628
95,2271884.4,West,23.9817,87.5844,3.65
96,2457273.6,South West,21.64057715,80.84724989,6.314597628
97,2216327.4,South,21.64057715,80.84724989,6.314597628
98,264380.4,Ganganagar ,29.796,73.446,4.9
99,286457.4,Hanumangarh,29.183,75.325,10.6
100,1655470.8,Bikaner,27.8,73.35,117.9
101,381295.8,Churu,28.76,75.027,12.06
102,968713.2000000001,Jhunjhunun,28.2,75.178,41.4
103,646646.4,Alwar,27.853,76.259,53.5
104,358014.60000000003,Bharatpur,27.7,77.083,4.46
105,440593.2,Dhaulpur,26.605,77.473,7.21
106,452124.0,Karauli,26.933,76.85,44.35
107,623905.2000000001,Sawai Madhopur,19.7311,75.1242,6.86
108,609980.4,Dausa,27.159,76.583,69.98
109,743860.8,Jaipur,27.69,76.145,49.0
110,550148.4,Sikar,24.6417,85.2292,3.4
111,455295.60000000003,Nagaur,27.561,74.256,52.9
112,1016208.0,Jodhpur,26.927,72.142,122.34
113,477426.60000000003,Jaisalmer,27.517,71.833,6.58
114,426744.0,Barmer,25.838,72.206,38.6
115,318027.60000000003,Jalor,22.4542,71.485,4.49
116,256192.2,Sirohi,24.956,72.892,2.33
117,408196.8,Pali,26.329,74.063,8.95
118,752815.8,Ajmer,26.651,74.936,18.25
119,433636.2,Tonk,26.238,75.188,1.45
120,398881.8,Bundi,25.471,75.867,8.69
121,457434.0,Bhilwara,25.833,74.283,7.73
122,307841.4,Rajsamand,25.5,73.839,13.56
123,891761.4,Dungarpur,23.833,73.721,8.05
124,516781.8,Banswara,23.864,74.458,5.2
125,159606.0,Chittaurgarh,25.067,74.363,7.35
126,323640.0,Kota,25.446,76.435,4.87
127,192533.4,Baran,21.0806,70.1764,7.08
128,311747.4,Jhalawar,23.37,73.6772,13.8
129,456019.2,Udaipur,24.717,73.917,6.8
130,341769.60000000003,Pratapgarh,24.251,74.417,4.0
131,934956.0,Saharanpur,26.1736,78.5428,18.79
132,1055257.2,Muzaffarnagar,29.538,77.594,7.93
133,1298833.2,Bijnor,29.59,78.17,10.98
134,903600.0,Moradabad,29.192,78.85,1.01
135,618136.2000000001,Rampur,28.885,79.283,3.81
136,842576.4,Jyotiba Phule Nagar,22.5294,79.8378,2.69
137,1024363.8,Meerut,29.125,78.0,10.3
138,1283590.8,Baghpat,25.34,82.275,1.69
139,1147473.0,Ghaziabad,28.847,77.575,6.68
140,1998167.4000000001,Gautam Buddha Nagar,28.55,77.55,7.01
141,693178.2000000001,Bulandshahr ,28.442,77.667,12.65
142,769006.8,Aligarh,27.918,77.919,10.59
143,403707.60000000003,Mahamaya Nagar,21.64057715,80.84724989,6.314597628
144,1024237.8,Mathura,27.703,77.5,1.89
145,661393.8,Agra,27.177,77.746,5.47
146,650680.2000000001,Firozabad,27.239,78.654,8.34
147,1304076.6,Mainpuri,27.224,79.286,8.37
148,997695.0,Budaun,28.408,78.906,16.12
149,1214276.4000000001,Bareilly,26.0111,86.0875,4.15
150,1430794.8,Pilibhit,28.725,79.717,4.3
151,1213318.8,Shahjahanpur,21.64057715,80.84724989,6.314597628
152,750263.4,Kheri,28.183,80.846,2.61
153,1667161.8,Sitapur,27.433,80.533,6.14
154,1370176.2,Hardoi,27.658,79.938,5.7
155,1280901.6,Unnao,26.864,80.601,1.22
156,663215.4,Lucknow,26.928,80.717,13.85
157,780595.2000000001,Rae Bareli,26.1333,84.5417,3.59
158,1198891.8,Farrukhabad,27.483,79.664,4.4
159,1383746.4000000001,Kannauj,21.64057715,80.84724989,6.314597628
160,386420.4,Etawah,26.8,79.01,7.64
161,1221908.4000000001,Auraiya,26.8,79.5,14.35
162,580438.8,Kanpur Dehat,26.6,79.98,2.05
163,954045.0,Kanpur Nagar,26.236,80.35,1.64
164,608976.0,Jalaun ,26.753,76.166,36.58
165,554412.6,Jhansi,25.733,78.95,2.09
166,555930.0,Lalitpur,25.049,78.4525,8.7
167,606542.4,Mahoba,25.317,79.65,4.31
168,1195315.2,Banda,24.0456,78.9672,1.62
169,1277949.6,Chitrakoot,25.26,80.922,13.69
170,1349361.0,Fatehpur,26.036,80.58,3.82
171,926951.4,Kaushambi,25.437,81.722,22.06
172,1481742.0,Allahabad ,21.64057715,80.84724989,6.314597628
173,1061382.6,Bara Banki,24.6417,85.2292,3.4
174,835650.0,Faizabad,27.028,82.815,3.05
175,1087372.8,Ambedkar Nagar,22.5053,74.855,8.15
176,1277668.8,Sultanpur,26.174,81.762,2.23
177,2289681.0,Bahraich,27.87,81.5,1.6
178,1226637.0,Shrawasti,27.649,81.733,1.62
179,1199959.2,Balrampur,23.45,83.525,7.0
180,2105947.8000000003,Gonda,26.98,82.389,2.4
181,756957.6,Siddharthnagar,27.499,82.783,2.4
182,645429.6,Basti,27.018,82.668,2.2
183,855412.2000000001,Sant Kabir Nagar,26.967,83.117,3.05
184,919881.0,Mahrajganj,27.452,83.57,3.2
185,711257.4,Gorakhpur,26.56,83.34,3.83
186,2027770.2,Kushinagar,26.906,83.6,2.2
187,2227410.0,Deoria,26.1389,84.0811,4.36
188,826322.4,Azamgarh,21.5292,76.3106,6.25
189,841343.4,Mau,26.117,83.542,1.55
190,706129.2000000001,Ballia,25.825,84.214,4.25
191,1371589.2,Jaunpur,26.145,82.662,2.23
192,986036.4,Ghazipur,25.456,83.731,1.92
193,1244422.8,Chandauli,25.338,83.257,3.68
194,1129136.4000000001,Varanasi,25.52,82.82,7.53
195,1024173.0,Sant Ravidas Nagar (Bhadohi),21.64057715,80.84724989,6.314597628
196,2119170.6,Mirzapur,25.067,82.49,7.09
197,522982.8,Sonbhadra,23.954,83.079,9.33
198,873696.6,Etah,27.558,78.933,3.25
199,1006279.2000000001,Kanshiram Nagar,21.64057715,80.84724989,6.314597628
200,557773.2000000001,Pashchim Champaran,27.3128,84.0258,3.3
201,417650.4,Purba Champaran,26.9833,84.8333,4.0
202,165508.2,Sheohar,26.4483,85.4206,1.9
203,237877.2,Sitamarhi,26.7292,85.3708,4.9
204,242467.2,Madhubani,26.3272,86.3053,3.83
205,177183.0,Supaul,26.4825,87.0339,2.4
206,633191.4,Araria,26.1375,87.4292,4.14
207,253870.2,Kishanganj,26.3694,87.6842,3.49
208,632547.0,Purnia,25.8956,87.2836,3.4
209,280193.4,Katihar,25.4958,87.2458,3.76
210,148539.6,Madhepura,25.5311,87.0497,6.3
211,291211.2,Saharsa,25.8583,86.5361,2.3
212,475646.4,Darbhanga,26.0111,86.0875,4.15
213,434588.4,Muzaffarpur,26.1861,84.9522,3.43
214,235494.0,Gopalganj,26.3792,84.5875,2.65
215,163285.2,Siwan,26.2183,84.6711,3.9
216,340018.2,Saran,26.0917,84.7917,2.75
217,337474.8,Vaishali,25.9861,85.1178,3.85
218,558790.2000000001,Samastipur,26.5069,84.8417,3.36
219,162644.4,Begusarai,25.5444,85.8611,5.2
220,507828.60000000003,Khagaria,25.6108,86.7292,4.5
221,192061.80000000002,Bhagalpur,27.0466,93.8328,1.82
222,313153.2,Banka,25.0036,86.7314,3.95
223,625305.6,Munger,25.4619,86.5639,8.05
224,232158.6,Lakhisarai,25.2125,86.0333,6.2
225,245100.6,Sheikhpura,25.14,85.6994,5.25
226,133111.80000000002,Nalanda,25.2169,85.6253,3.3
227,484196.4,Patna,25.6528,84.9403,6.69
228,382055.4,Bhojpur,25.6672,84.3611,3.24
229,373005.0,Buxar,25.6847,84.1294,5.83
230,238793.4,Kaimur (Bhabua),32.47,74.958,2.6
231,306045.0,Rohtas,25.225,84.2583,6.4
232,372337.2,Aurangabad,24.7667,84.375,2.12
233,363456.0,Gaya,24.9181,84.7678,4.82
234,224488.80000000002,Nawada,24.8125,85.5667,5.2
235,246182.4,Jamui,24.5756,86.4006,10.67
236,263854.8,Jehanabad ,21.64057715,80.84724989,6.314597628
237,287434.8,Arwal,25.2942,84.7028,3.55
238,18068.4,North  District,21.64057715,80.84724989,6.314597628
239,129015.0,West District,21.64057715,80.84724989,6.314597628
240,178011.0,South District,21.64057715,80.84724989,6.314597628
241,395010.0,East District,21.64057715,80.84724989,6.314597628
242,5266.8,Tawang,21.64057715,80.84724989,6.314597628
243,33121.8,West Kameng,21.64057715,80.84724989,6.314597628
244,7124.400000000001,East Kameng,21.64057715,80.84724989,6.314597628
245,12022.2,Papum Pare,27.1053,93.8258,11.47
246,2331.0,Upper Subansiri,21.64057715,80.84724989,6.314597628
247,9163.800000000001,West Siang,21.64057715,80.84724989,6.314597628
248,10396.800000000001,East Siang,28.0362,95.3358,10.24
249,9372.6,Upper Siang,21.64057715,80.84724989,6.314597628
250,5421.6,Changlang,27.4461,96.1086,4.3
251,20624.4,Tirap,27.1966,95.4628,4.35
252,40944.6,Lower Subansiri,27.4048,94.1522,5.27
253,17812.8,Kurung Kumey,21.64057715,80.84724989,6.314597628
254,1065.6000000000001,Dibang Valley,21.64057715,80.84724989,6.314597628
255,2489.4,Lower Dibang Valley,21.64057715,80.84724989,6.314597628
256,9952.2,Lohit,27.7395,95.9098,5.77
257,10389.6,Anjaw,21.64057715,80.84724989,6.314597628
258,19841.4,Mon,21.64057715,80.84724989,6.314597628
259,15510.6,Mokokchung,21.64057715,80.84724989,6.314597628
260,7075.8,Zunheboto,21.64057715,80.84724989,6.314597628
261,9714.6,Wokha,21.64057715,80.84724989,6.314597628
262,21376.8,Dimapur ,21.64057715,80.84724989,6.314597628
263,20458.8,Phek,21.64057715,80.84724989,6.314597628
264,25527.600000000002,Tuensang,21.64057715,80.84724989,6.314597628
265,9604.800000000001,Longleng,21.64057715,80.84724989,6.314597628
266,17911.8,Kiphire,21.64057715,80.84724989,6.314597628
267,92365.2,Kohima,21.64057715,80.84724989,6.314597628
268,18189.0,Peren,21.64057715,80.84724989,6.314597628
269,294084.0,Senapati,21.64057715,80.84724989,6.314597628
270,49935.6,Tamenglong ,21.64057715,80.84724989,6.314597628
271,51831.0,Churachandpur,21.64057715,80.84724989,6.314597628
272,111387.6,Bishnupur,21.64057715,80.84724989,6.314597628
273,157278.6,Thoubal,21.64057715,80.84724989,6.314597628
274,152740.80000000002,Imphal West,21.64057715,80.84724989,6.314597628
275,78908.40000000001,Imphal East,21.64057715,80.84724989,6.314597628
276,55807.200000000004,Ukhrul,21.64057715,80.84724989,6.314597628
277,35757.0,Chandel,21.64057715,80.84724989,6.314597628
278,84938.40000000001,Mamit,21.64057715,80.84724989,6.314597628
279,35712.0,Kolasib,21.64057715,80.84724989,6.314597628
280,46886.4,Aizawl,21.64057715,80.84724989,6.314597628
281,33714.0,Champhai,21.64057715,80.84724989,6.314597628
282,10436.4,Serchhip,21.64057715,80.84724989,6.314597628
283,33863.4,Lunglei,21.64057715,80.84724989,6.314597628
284,81552.6,Lawngtlai,21.64057715,80.84724989,6.314597628
285,37877.4,Saiha,21.64057715,80.84724989,6.314597628
286,294550.2,West Tripura ,24.5189,85.0361,4.82
287,73641.6,South Tripura ,23.5578,91.5353,3.62
288,214707.6,Dhalai,24.0539,91.8308,3.33
289,195679.80000000002,North Tripura,24.2416,92.2852,2.76
290,315370.8,West Garo Hills,25.6135,90.0359,4.63
291,188125.2,East Garo Hills,25.6192,90.7675,2.5
292,72860.40000000001,South Garo Hills,21.64057715,80.84724989,6.314597628
293,134082.0,West Khasi Hills,25.5622,91.6392,0.95
294,156637.80000000002,Ribhoi,21.64057715,80.84724989,6.314597628
295,128683.8,East Khasi Hills,25.5706,91.8903,1.1
296,248290.2,Jaintia Hills,25.4417,92.175,0.4
297,487713.60000000003,Kokrajhar,26.5692,90.15,2.87
298,96915.6,Dhubri,26.2769,90.4469,5.2
299,503245.8,Goalpara,24.8097,92.8917,3.88
300,421623.0,Barpeta,26.448,91.0748,3.42
301,436892.4,Morigaon,26.1264,92.2525,4.76
302,355446.0,Nagaon,26.55,93.25,2.86
303,846032.4,Sonitpur,26.8142,92.8344,2.17
304,244153.80000000002,Lakhimpur,27.0466,93.8328,1.82
305,251856.0,Dhemaji,27.5231,94.5224,2.45
306,184381.2,Tinsukia,27.4954,95.2545,4.49
307,287244.0,Dibrugarh,27.3987,94.8787,4.32
308,273898.8,Sivasagar,21.64057715,80.84724989,6.314597628
309,301147.2,Jorhat,26.7225,94.1772,1.82
310,295101.0,Golaghat,26.4333,94.0083,5.16
311,531644.4,Karbi Anglong,21.64057715,80.84724989,6.314597628
312,89913.6,Dima Hasao,21.64057715,80.84724989,6.314597628
313,525375.0,Cachar,24.8869,92.5889,1.63
314,500940.0,Karimganj,24.5625,92.4139,1.1
315,218482.2,Hailakandi,24.8583,92.6006,7.63
316,280971.0,Bongaigaon,26.4474,90.5173,4.67
317,39601.8,Chirang,26.5583,90.3833,3.64
318,68509.8,Kamrup,26.2482,91.6903,1.98
319,115644.6,Kamrup Metropolitan,21.64057715,80.84724989,6.314597628
320,24555.600000000002,Nalbari,26.5561,91.4525,1.96
321,250468.2,Baksa,26.715,91.712,4.09
322,15116.4,Darrang,26.5561,92.1987,3.99
323,146176.2,Udalguri,26.75,91.9086,1.47
324,228483.0,Darjiling ,21.64057715,80.84724989,6.314597628
325,672796.8,Jalpaiguri ,23.8731,86.3354,4.41
326,187144.2,Koch Bihar ,26.2739,88.9861,2.37
327,511925.4,Uttar Dinajpur,26.4355,88.3675,3.03
328,357753.60000000003,Dakshin Dinajpur,25.4178,88.5387,3.05
329,359087.4,Maldah ,21.64057715,80.84724989,6.314597628
330,493399.8,Murshidabad ,21.64057715,80.84724989,6.314597628
331,343443.60000000003,Birbhum,23.6478,87.7664,1.29
332,293502.60000000003,Barddhaman ,23.8388,86.9026,4.71
333,330400.8,Nadia ,21.64057715,80.84724989,6.314597628
334,437353.2,North Twenty Four Parganas,23.196,86.6847,3.11
335,252054.0,Hugli ,21.64057715,80.84724989,6.314597628
336,244764.0,Bankura ,23.5627,87.0228,4.28
337,240028.2,Puruliya,24.8361,93.0319,1.78
338,342334.8,Haora ,22.6894,87.975,2.77
339,8094049.2,Kolkata,21.64057715,80.84724989,6.314597628
340,317165.4,South Twenty Four Parganas,21.64057715,80.84724989,6.314597628
341,296139.60000000003,Paschim Medinipur,21.64057715,80.84724989,6.314597628
342,509945.4,Purba Medinipur,21.64057715,80.84724989,6.314597628
343,92662.2,Garhwa ,21.64057715,80.84724989,6.314597628
344,337662.0,Chatra,24.2187,84.983,8.1
345,134136.0,Kodarma,21.64057715,80.84724989,6.314597628
346,208731.6,Giridih,24.084,85.8336,5.6
347,622960.2000000001,Deoghar,24.5144,86.6455,6.37
348,263385.0,Godda,25.052,87.363,8.41
349,291816.0,Sahibganj,25.2669,87.5202,3.06
350,190261.80000000002,Pakur,24.7102,87.6145,6.47
351,183639.6,Dhanbad,23.9854,86.4527,4.93
352,249217.2,Bokaro,23.8494,86.0422,6.33
353,98926.2,Lohardaga,23.515,84.6661,11.15
354,149176.80000000002,Purbi Singhbhum,21.64057715,80.84724989,6.314597628
355,292122.0,Palamu,24.225,83.9055,6.1
356,158571.0,Latehar,23.8511,84.1108,5.12
357,291265.2,Hazaribagh,24.3899,85.2508,6.4
358,446113.8,Ramgarh,23.6525,85.3606,4.08
359,281323.8,Dumka,24.6,87.0708,7.55
360,295138.8,Jamtara,27.0466,93.8328,1.82
361,161800.2,Ranchi,23.4456,85.6069,6.07
362,196347.6,Khunti,23.0425,85.1133,4.3
363,112174.2,Gumla,23.374,84.3801,6.3
364,207135.0,Simdega,22.6846,84.5504,4.3
365,139854.6,Pashchimi Singhbhum,21.64057715,80.84724989,6.314597628
366,115776.0,Saraikela-Kharsawan,21.64057715,80.84724989,6.314597628
367,165448.80000000002,Bargarh,21.5847,83.4153,2.23
368,108244.8,Jharsuguda,21.5597,84.1228,3.6
369,106453.8,Sambalpur,21.0997,80.7014,4.3
370,194230.80000000002,Debagarh,21.5436,84.7244,4.35
371,152206.2,Sundargarh,22.0556,83.8333,1.85
372,151434.0,Kendujhar,21.6783,85.9386,6.9
373,180930.6,Mayurbhanj,22.5222,86.08,1.94
374,144849.6,Baleshwar,21.3939,86.7786,1.0
375,104828.40000000001,Bhadrak,21.2089,86.3944,3.63
376,253452.6,Kendrapara ,21.64057715,80.84724989,6.314597628
377,128946.6,Jagatsinghapur ,21.64057715,80.84724989,6.314597628
378,175723.2,Cuttack,20.5436,85.8011,6.67
379,144619.2,Jajapur  ,20.9953,85.9875,3.01
380,296067.60000000003,Dhenkanal,20.9208,85.7667,7.19
381,119493.0,Anugul  ,21.64057715,80.84724989,6.314597628
382,69310.8,Nayagarh  ,21.64057715,80.84724989,6.314597628
383,163429.2,Khordha ,21.64057715,80.84724989,6.314597628
384,196723.80000000002,Puri,20.0361,85.7694,1.14
385,152965.80000000002,Ganjam,20.0922,84.6878,4.18
386,106671.6,Gajapati,18.9803,84.0206,9.36
387,64067.4,Kandhamal,20.1992,83.9083,6.98
388,139469.4,Baudh,20.8067,84.0958,3.4
389,208283.4,Subarnapur,21.64057715,80.84724989,6.314597628
390,275157.0,Balangir,21.0122,83.4069,4.7
391,135966.6,Nuapada,20.3833,82.6867,6.0
392,254457.0,Kalahandi,19.9081,83.1592,5.11
393,98125.2,Rayagada  ,21.64057715,80.84724989,6.314597628
394,240366.6,Nabarangapur ,21.64057715,80.84724989,6.314597628
395,217672.2,Koraput,18.7583,82.4383,5.32
396,319782.60000000003,Malkangiri  ,18.4578,82.0569,1.25
397,159750.0,Koriya,27.217,77.5,2.09
398,302518.8,Surguja,23.2417,83.3139,4.0
399,309079.8,Jashpur ,22.9764,83.6542,2.96
400,372654.0,Raigarh,22.3706,83.2342,5.83
401,547304.4,Korba ,22.4333,82.4333,4.4
402,275508.0,Janjgir - Champa,22.0042,82.5792,6.5
403,409015.8,Kabeerdham,22.0517,81.22,3.82
404,317199.60000000003,Rajnandgaon,21.5569,81.0133,6.16
405,354745.8,Durg,21.8969,82.6231,3.2
406,370837.8,Raipur,21.6908,81.7814,2.25
407,316110.60000000003,Mahasamund,21.2906,82.8814,8.55
408,394223.4,Dhamtari ,20.8569,81.6869,0.98
409,191631.6,Uttar Bastar Kanker,20.4253,81.4058,3.16
410,167405.4,Bastar,20.0889,81.5944,6.03
411,188766.0,Narayanpur,27.0466,93.8328,1.82
412,169831.80000000002,Dakshin Bastar Dantewada,21.64057715,80.84724989,6.314597628
413,88902.0,Bijapur,16.4792,76.1033,3.48
414,260166.6,Sheopur ,32.5516,75.0098,3.6
415,465640.2,Morena,26.4306,77.8767,18.4
416,250880.4,Bhind,26.75,78.6442,12.9
417,2691876.6,Gwalior,25.8433,77.9519,3.9
418,209217.6,Datia,26.0864,78.7372,11.7
419,373233.60000000003,Shivpuri,25.6472,77.4097,4.7
420,302207.4,Tikamgarh,25.3447,78.8011,3.78
421,336767.4,Chhatarpur,25.2683,80.1944,4.34
422,306822.60000000003,Panna,24.8536,80.1786,5.4
423,354024.0,Sagar,23.8564,78.6531,2.26
424,269283.60000000003,Damoh,19.7667,76.8,6.24
425,907529.4,Satna,24.3528,81.0389,3.0
426,453335.4,Rewa,24.9178,81.6736,3.9
427,224004.6,Umaria,23.6644,80.9436,5.17
428,253602.0,Neemuch ,24.8383,75.14,5.5
429,272334.60000000003,Mandsaur,24.4742,75.6881,5.0
430,249051.6,Ratlam,23.625,75.0306,8.85
431,290286.0,Ujjain,23.0447,75.3789,5.66
432,258890.4,Shajapur,24.08,76.155,6.75
433,240809.4,Dewas,22.6392,76.3472,6.64
434,407592.0,Dhar,22.87,75.2581,4.45
435,410581.8,Indore,22.8433,75.5394,18.1
436,643039.2000000001,Khargone (West Nimar),21.64057715,80.84724989,6.314597628
437,379909.8,Barwani ,21.64057715,80.84724989,6.314597628
438,359415.0,Rajgarh,23.8967,76.4533,8.53
439,258546.6,Vidisha,24.1667,77.4425,6.1
440,474368.4,Bhopal,23.7944,77.2564,6.56
441,495140.4,Sehore,23.1242,77.2608,8.76
442,406906.2,Raisen,23.3361,77.7828,1.62
443,520731.0,Betul,21.6444,77.6367,12.2
444,162082.80000000002,Harda ,22.1625,76.8594,1.0
445,336218.4,Hoshangabad,22.6264,77.6389,8.35
446,665134.2000000001,Katni ,21.64057715,80.84724989,6.314597628
447,323364.60000000003,Jabalpur,23.4833,80.1083,16.8
448,353032.2,Narsimhapur,23.0394,79.4806,14.9
449,390681.0,Dindori ,23.1261,80.6261,3.16
450,224263.80000000002,Mandla,23.0917,80.5,2.12
451,205516.80000000002,Chhindwara,22.3875,78.8239,8.18
452,374670.0,Seoni,22.8181,79.7583,3.89
453,184669.2,Balaghat,21.7708,79.8033,5.17
454,729707.4,Guna,24.5311,77.3356,7.08
455,317248.2,Ashoknagar,24.7625,77.8583,2.74
456,402024.60000000003,Shahdol,24.0981,81.4314,2.04
457,216959.4,Anuppur,23.1981,81.8889,4.72
458,371505.60000000003,Sidhi,24.3311,81.3792,6.6
459,606083.4,Singrauli,24.1964,82.4558,8.94
460,328251.60000000003,Jhabua,22.785,74.4656,5.45
461,163981.80000000002,Alirajpur,22.43,74.4372,15.0
462,228958.2,Khandwa (East Nimar),21.64057715,80.84724989,6.314597628
463,780451.2000000001,Burhanpur,21.5292,76.3106,6.25
464,112593.6,Kachchh ^,23.8231,68.775,3.95
465,443080.8,Banas Kantha,21.64057715,80.84724989,6.314597628
466,231823.80000000002,Patan  ,21.64057715,80.84724989,6.314597628
467,161182.80000000002,Mahesana,23.5083,72.1833,1.73
468,527657.4,Sabar Kantha,24.0083,73.1167,4.93
469,641028.6,Gandhinagar,23.1903,72.5528,14.35
470,126622.8,Ahmadabad,23.3667,71.9667,6.4
471,307800.0,Surendranagar,22.4167,71.0417,5.6
472,141645.6,Rajkot,23.0917,70.7625,1.9
473,293090.4,Jamnagar,22.2403,69.1253,4.1
474,692388.0,Porbandar ,21.9167,69.6,10.25
475,239094.0,Junagadh,21.4875,70.0833,7.65
476,179629.2,Amreli,21.6083,71.225,5.67
477,515912.4,Bhavnagar,21.7667,72.15,4.26
478,159339.6,Anand  ,25.1539,86.6872,3.75
479,491702.4,Kheda,22.9083,73.1208,1.15
480,172873.80000000002,Panch Mahals,23.37,73.6772,13.8
481,428608.8,Dohad  ,23.2542,74.0292,9.93
482,459016.2,Vadodara,22.6667,73.3167,25.35
483,114967.8,Narmada,22.0444,73.6222,2.75
484,354668.4,Bharuch,22.1267,72.6697,5.31
485,410923.8,The Dangs,20.6917,73.6167,5.15
486,560228.4,Navsari  ,21.64057715,80.84724989,6.314597628
487,747252.0,Valsad,20.5167,73.2875,2.07
488,354322.8,Surat,21.0625,73.1917,5.37
489,233944.2,Tapi,21.64057715,80.84724989,6.314597628
490,93733.2,Diu,21.64057715,80.84724989,6.314597628
491,344111.4,Daman,21.64057715,80.84724989,6.314597628
492,618676.2000000001,Dadra & Nagar Haveli,21.64057715,80.84724989,6.314597628
493,442549.8,Nandurbar,21.5619,74.0158,3.0
494,759846.6,Dhule,21.4239,74.9814,7.3
495,563067.0,Jalgaon,21.2142,75.2697,15.6
496,281921.4,Buldana,20.4,76.0,3.5
497,310246.2,Akola,20.7367,77.0072,12.73
498,340291.8,Washim,20.6,74.6333,6.05
499,332397.0,Amravati,21.5139,76.7806,5.5
500,137296.80000000002,Wardha,18.9544,74.9797,5.5
501,266232.60000000003,Nagpur,21.3847,78.4175,7.5
502,406994.4,Bhandara,21.4708,79.7167,3.6
503,317257.2,Gondiya,21.3464,79.8217,5.1
504,150492.6,Gadchiroli,19.5153,80.1572,4.1
505,308772.0,Chandrapur,20.4197,78.9583,1.4
506,216417.6,Yavatmal,20.5292,77.925,3.36
507,179892.0,Nanded,19.2947,77.3783,5.0
508,367419.60000000003,Hingoli,19.7667,76.8,6.24
509,304513.2,Parbhani,19.5394,76.9444,4.0
510,560345.4,Jalna ###,20.12,75.8433,4.92
511,613834.2000000001,Aurangabad ###,20.0347,75.0347,5.82
512,316468.8,Nashik,20.5075,73.7539,4.1
513,278672.4,Thane,20.2069,72.8861,1.69
514,16842531.6,Mumbai Suburban,19.1325,72.8392,2.5
515,5553739.8,Mumbai,21.64057715,80.84724989,6.314597628
516,718743.6,Pune,19.1681,74.0847,9.95
517,525510.0,Ahmadnagar,20.7367,77.0072,12.73
518,438492.60000000003,Bid,18.9544,74.9797,5.5
519,1230598.8,Latur,18.4083,76.3139,8.1
520,252266.4,Osmanabad,18.2167,75.5333,2.8
521,458080.2,Solapur,18.2583,75.1667,2.2
522,131094.0,Satara,17.205,74.1469,6.2
523,111821.40000000001,Ratnagiri,17.9458,73.2944,3.0
524,217636.2,Sindhudurg,16.2333,73.4667,9.6
525,334189.8,Kolhapur,16.9678,73.8069,5.1
526,293239.8,Sangli,16.9808,74.1197,1.6
527,71335.8,Adilabad,19.5261,78.3403,34.32
528,69984.0,Nizamabad,18.7998,78.2886,6.26
529,94966.2,Karimnagar,16.5902,80.5208,1.0
530,94631.40000000001,Medak,18.2607,77.5996,26.35
531,451677.60000000003,Hyderabad,17.395,78.3962,6.64
532,91962.0,Rangareddy,17.537,77.7718,8.3
533,96611.40000000001,Mahbubnagar,17.1054,77.573,5.26
534,67046.40000000001,Nalgonda,17.0378,79.0449,3.7
535,127456.2,Warangal,17.555,78.1188,3.62
536,44668.8,Khammam,18.3845,80.5271,2.09
537,118108.8,Srikakulam,18.6865,83.6153,1.71
538,93587.40000000001,Vizianagaram,18.8984,83.4625,7.4
539,85352.40000000001,Visakhapatnam,17.6809,82.9817,1.79
540,35112.6,East Godavari,17.5959,81.7149,4.39
541,164469.6,West Godavari,17.1454,81.0098,4.97
542,111148.2,Krishna,16.9252,80.1915,3.5
543,203486.4,Guntur,16.4676,79.4272,14.4
544,115313.40000000001,Prakasam,15.8272,79.9722,0.82
545,41013.0,Sri Potti Sriramulu Nellore,21.64057715,80.84724989,6.314597628
546,75767.40000000001,Y.S.R.,14.7315,78.1463,2.35
547,110329.2,Kurnool,15.9354,77.3561,1.29
548,83903.40000000001,Anantapur,13.9605,77.6761,0.57
549,82000.8,Chittoor,13.1956,79.004,5.08
550,1131840.0,Belgaum,21.64057715,80.84724989,6.314597628
551,846316.8,Bagalkot ,21.64057715,80.84724989,6.314597628
552,621444.6,Bidar,18.25,77.45,1.78
553,694258.2000000001,Raichur,16.0667,76.9842,7.15
554,481395.60000000003,Koppal,15.45,76.5172,1.43
555,181121.4,Gadag,15.425,75.5836,0.76
556,449987.4,Dharwad,15.5417,75.0542,10.73
557,279383.4,Uttara Kannada,14.6667,74.3,5.8
558,338238.0,Haveri,14.7,75.5,5.8
559,351394.2,Bellary,14.9417,75.8583,5.46
560,254311.2,Chitradurga,14.2192,76.2617,2.4
561,457506.0,Davanagere,14.1125,75.8681,1.9
562,371374.2,Shimoga,13.9403,75.7503,1.3
563,717247.8,Udupi,13.6042,74.6842,5.8
564,65770.2,Chikmagalur,21.64057715,80.84724989,6.314597628
565,381834.0,Tumkur,13.3042,76.9342,3.82
566,634356.0,Bangalore,12.9486,77.5719,4.7
567,468862.2,Mandya,12.6667,76.4833,11.15
568,231539.4,Hassan,12.9667,75.9833,8.38
569,1790283.6,Dakshina Kannada,21.64057715,80.84724989,6.314597628
570,263849.4,Kodagu,12.2583,75.9178,4.15
571,437536.8,Mysore,12.1208,76.4667,3.35
572,401526.0,Chamarajanagar,21.64057715,80.84724989,6.314597628
573,615972.6,Gulbarga,17.2,76.3508,4.7
574,742123.8,Yadgir,21.64057715,80.84724989,6.314597628
575,364147.2,Kolar,12.8417,78.1669,2.8
576,523798.2,Chikkaballapura,21.64057715,80.84724989,6.314597628
577,379600.2,Bangalore Rural,21.64057715,80.84724989,6.314597628
578,366913.8,Ramanagara,21.64057715,80.84724989,6.314597628
579,136344.6,North Goa,15.5616,74.1633,7.96
580,278209.8,South Goa,15.0413,73.9911,4.8
581,13789.800000000001,Lakshadweep,21.64057715,80.84724989,6.314597628
582,1227121.2,Kasaragod,12.5516,75.1833,8.57
583,1376798.4000000001,Kannur,11.8805,75.5037,8.76
584,464652.0,Wayanad,11.9061,76.0328,6.68
585,1237077.0,Kozhikode,11.6731,75.5558,4.59
586,1639760.4000000001,Malappuram,10.7611,75.9667,5.35
587,1675245.6,Palakkad,10.8742,76.4447,4.7
588,1137754.8,Thrissur,10.4118,76.1616,8.09
589,844495.2000000001,Ernakulam,10.0946,76.2926,1.85
590,319717.8,Idukki ,10.0188,77.0156,4.7
591,731647.8,Kottayam,9.7402,76.7637,4.47
592,976782.6,Alappuzha,9.4952,76.3341,3.81
593,402305.4,Pathanamthitta,9.1154,76.7322,6.22
594,771843.6,Kollam,8.9467,76.9658,2.23
595,1141686.0,Thiruvananthapuram,21.64057715,80.84724989,6.314597628
596,342973.8,Thiruvallur,11.4158,80.13,1.3
597,8364117.600000001,Chennai,13.0747,80.2625,3.2
598,919504.8,Kancheepuram,12.9333,79.9333,3.35
599,765635.4,Vellore,12.9444,78.8439,1.63
600,530956.8,Tiruvannamalai,11.4158,80.13,1.3
601,763095.6,Viluppuram,12.2483,79.3397,1.45
602,755796.6,Salem,11.8089,77.7889,13.7
603,1136712.6,Namakkal   ,21.64057715,80.84724989,6.314597628
604,589393.8,Erode,11.625,77.7167,5.9
605,226675.80000000002,The Nilgiris,11.4708,76.4114,8.82
606,526141.8,Dindigul,10.4333,77.5125,2.87
607,329977.8,Karur ,10.775,77.925,7.5
608,243216.0,Tiruchirappalli,10.9917,78.3292,10.23
609,267737.4,Perambalur  ,11.3369,78.6853,2.42
610,201403.80000000002,Ariyalur  ,21.64057715,80.84724989,6.314597628
611,744550.2000000001,Cuddalore,11.6392,79.7472,4.09
612,575487.0,Nagapattinam  ,11.1469,79.835,3.17
613,181161.0,Thiruvarur,10.9606,79.5733,1.33
614,416071.8,Thanjavur,10.5475,79.4258,4.81
615,395083.8,Pudukkottai,10.4525,78.7028,4.8
616,496402.2,Sivaganga,21.64057715,80.84724989,6.314597628
617,524516.4,Madurai,10.05,78.0967,6.11
618,325420.2,Theni  ,10.0278,77.475,4.65
619,625802.4,Virudhunagar,9.3833,77.4656,3.23
620,381652.2,Ramanathapuram,9.7667,79.0167,2.55
621,578381.4,Thoothukkudi,9.2178,77.9833,3.22
622,349480.8,Tirunelveli ,9.3403,77.4278,3.2
623,1063020.6,Kanniyakumari,8.0833,77.55,3.67
624,623680.2000000001,Dharmapuri,12.0,78.25,3.2
625,971393.4,Krishnagiri,12.6156,77.7844,1.85
626,468309.60000000003,Coimbatore,11.225,77.1083,10.37
627,376893.0,Tiruppur,10.9917,77.5583,3.93
628,100126.8,Yanam,21.64057715,80.84724989,6.314597628
629,569577.6,Puducherry,11.8,79.7833,1.6
630,75268.8,Mahe,21.64057715,80.84724989,6.314597628
631,259560.0,Karaikal,10.9322,79.8314,4.17
632,32113.8,Nicobars,21.64057715,80.84724989,6.314597628
633,77729.40000000001,North  & Middle Andaman,21.64057715,80.84724989,6.314597628
634,96417.0,South Andaman,21.64057715,80.84724989,6.314597628
